1, 2, 3, 4, 5
8034,8036,47,1,2
8036,8034,9,47,1
8034,8036,47,1,2
8034,8036,47,1,2
8034,8036,1,2,3
8036,8034,1,2,3
8034,8036,1,2,3
8034,8036,1,2,3
8036,8034,4883,1,2
8036,8034,1,2,3
8034,8036,9,1,2
8034,8036,1,2,3
8036,8034,1,2,3
8034,8036,1,2,3
8034,8036,1,2,3
8034,8036,1,2,3
8034,8036,1,2,3
8034,8036,1,2,3
8034,8036,1,2,3
8034,8036,1,2,3
8034,8036,1,2,3
8036,8034,1,2,3
8036,8034,1,2,3
8034,8036,1,2,3
8034,8036,1,2,3
8034,8036,1,2,3
8034,8036,1,2,3
8034,8036,47,1,2
8034,8036,1,2,3
8034,8036,47,9,1
8034,8036,47,1,2
8034,8036,47,1,2
8036,8034,1,2,3
8034,8036,1,2,3
8034,8036,47,1,2
8034,5,1,2,3
8034,1,2,3,4
8034,1,2,3,4
8034,1,2,3,4
8034,1,2,3,4
8034,1,2,3,4
8034,1,2,3,4
8034,1,2,3,4
8034,1,2,3,4
8034,1,2,3,4
8034,1,2,3,4
8034,1,2,3,4
8034,1,2,3,4
8034,1,2,3,4
8034,1,2,3,4
8034,1,2,3,4
8034,1,2,3,4
8034,1,2,3,4
8034,47,1,2,3
8034,47,1,2,3
8034,47,8033,1,2
8034,47,1,2,3
8034,47,1,2,3
1,2,3,4,5
1,2,3,4,5
1,2,3,4,5
875,1,2,3,4
1,2,3,4,5
